polymorphic_index,HXB2_index,nucleotide,TF,consensus,epitope,escape,sc_old,sc_MPL,tc_MPL,f_at_0,f_at_13,f_at_41,f_at_69,f_at_174,f_at_420,f_at_454,xp_at_0,xp_at_13,xp_at_41,xp_at_69,xp_at_174,xp_at_420,xp_at_454
23,1069,G,A,G,DIKDTKEAL,True,0.0081259979999999,0.004988255,0.01394515,0.0,0.0,0.0,0.0,0.0,1.0,1.0,0.000000,0.000000,0.000000,0.000000,0.111111,1.000000,1.000000
24,1072,C,A,A,DIKDTKEAL,True,0.00042635061,-0.00038129837,0.01394515,0.0,0.0,0.0,0.0,0.0,0.1,0.1,0.000000,0.000000,0.000000,0.000000,0.111111,1.000000,1.000000
25,1082,G,A,A,DIKDTKEAL,True,0.0006295792,-0.002096659,0.01394515,0.0,0.0,0.0,0.0,0.11111,0.0,0.0,0.000000,0.000000,0.000000,0.000000,0.111111,1.000000,1.000000
78,2236,A,C,C,ELYPMTSLK,True,0.003442319,0.0008289616,0.00604736,0.0,0.0,0.0,0.0,0.22222,0.0,0.0,0.000000,0.000000,0.034483,0.000000,0.222222,0.100000,0.100000
79,2249,A,C,C,ELYPMTSLK,True,-0.0002092494,-0.0010168984,0.00604736,0.0,0.0,0.0,0.0,0.0,0.1,0.1,0.000000,0.000000,0.034483,0.000000,0.222222,0.100000,0.100000
81,2258,G,A,G,ELYPMTSLK,True,0.002916118,0.00222766,0.00604736,0.0,0.0,0.034483,0.0,0.0,0.0,0.0,0.000000,0.000000,0.034483,0.000000,0.222222,0.100000,0.100000
149,3931,A,G,G,RGRQKVVSL,True,0.004951634,-0.012457896,0.03888612,0.0,0.0,0.0,0.9,0.11111,0.0,0.0,0.000000,0.000000,0.000000,0.900000,1.000000,1.000000,1.000000
150,3939,A,C,C,RGRQKVVSL,True,0.003671567,0.0020955145,0.03888612,0.0,0.0,0.0,0.0,0.11111,0.0,0.0,0.000000,0.000000,0.000000,0.900000,1.000000,1.000000,1.000000
151,3946,C,T,T,RGRQKVVSL,True,0.003666984,0.0015278523999999,0.03888612,0.0,0.0,0.0,0.0,0.11111,0.0,0.0,0.000000,0.000000,0.000000,0.900000,1.000000,1.000000,1.000000
152,3951,C,T,T,RGRQKVVSL,True,0.0185386889999999,0.010503713,0.03888612,0.0,0.0,0.0,0.0,0.66667,1.0,1.0,0.000000,0.000000,0.000000,0.900000,1.000000,1.000000,1.000000
