polymorphic_index,HXB2_index,nucleotide,TF,consensus,epitope,escape,sc_old,sc_MPL,tc_MPL,f_at_0,f_at_21,f_at_28,f_at_34,f_at_63,f_at_91,f_at_175,f_at_273,f_at_333,xp_at_0,xp_at_21,xp_at_28,xp_at_34,xp_at_63,xp_at_91,xp_at_175,xp_at_273,xp_at_333,tc_0,tc_1,tc_2,tc_3,tc_4,tc_5,tc_6,tc_7,tc_8,tc_9,tc_10,tc_11,tc_12,tc_13,tc_14,tc_15,tc_16,tc_17,tc_18,tc_19,tc_20
14,1261,A,G,G,VKVIEEKAF,True,0.001303,-0.000484,0.007694054,0.0,0.0,0.0,0.0,0.083333,0.0,0.0,0.0,0.0,0.0,0.0,0.0,0.0,0.083333,0.0,0.0,0.1,0.222222,0.007710422,0.007709357,0.007707668,0.007705005,0.00770077,0.007694054,0.007683402,0.007666515,0.007639886,0.007597538,0.007530379,0.00742386,0.007254989,0.006988692,0.006565214,0.005893626,0.004828437,0.003139723,0.000476751,-0.003758024,-0.01047391
15,1270,C,G,G,VKVIEEKAF,True,0.004443,0.003686,0.007694054,0.0,0.0,0.0,0.0,0.0,0.0,0.0,0.0,0.11111,0.0,0.0,0.0,0.0,0.083333,0.0,0.0,0.1,0.222222,0.007710422,0.007709357,0.007707668,0.007705005,0.00770077,0.007694054,0.007683402,0.007666515,0.007639886,0.007597538,0.007530379,0.00742386,0.007254989,0.006988692,0.006565214,0.005893626,0.004828437,0.003139723,0.000476751,-0.003758024,-0.01047391
16,1272,C,G,G,VKVIEEKAF,True,0.003943,0.003437,0.007694054,0.0,0.0,0.0,0.0,0.0,0.0,0.0,0.0,0.11111,0.0,0.0,0.0,0.0,0.083333,0.0,0.0,0.1,0.222222,0.007710422,0.007709357,0.007707668,0.007705005,0.00770077,0.007694054,0.007683402,0.007666515,0.007639886,0.007597538,0.007530379,0.00742386,0.007254989,0.006988692,0.006565214,0.005893626,0.004828437,0.003139723,0.000476751,-0.003758024,-0.01047391
16,1272,T,G,G,VKVIEEKAF,True,0.005391,0.00457,0.007694054,0.0,0.0,0.0,0.0,0.0,0.0,0.0,0.0,0.11111,0.0,0.0,0.0,0.0,0.083333,0.0,0.0,0.1,0.222222,0.007710422,0.007709357,0.007707668,0.007705005,0.00770077,0.007694054,0.007683402,0.007666515,0.007639886,0.007597538,0.007530379,0.00742386,0.007254989,0.006988692,0.006565214,0.005893626,0.004828437,0.003139723,0.000476751,-0.003758024,-0.01047391
19,1276,C,G,G,VKVIEEKAF,True,-0.000426,-0.001262,0.007694054,0.0,0.0,0.0,0.0,0.0,0.0,0.0,0.1,0.0,0.0,0.0,0.0,0.0,0.083333,0.0,0.0,0.1,0.222222,0.007710422,0.007709357,0.007707668,0.007705005,0.00770077,0.007694054,0.007683402,0.007666515,0.007639886,0.007597538,0.007530379,0.00742386,0.007254989,0.006988692,0.006565214,0.005893626,0.004828437,0.003139723,0.000476751,-0.003758024,-0.01047391
