polymorphic_index,HXB2_index,nucleotide,TF,consensus,epitope,escape,sc_old,sc_MPL,tc_MPL,f_at_0,f_at_11,f_at_60,xp_at_0,xp_at_11,xp_at_60,tc_0,tc_1,tc_2,tc_3,tc_4,tc_5,tc_6,tc_7,tc_8,tc_9,tc_10,tc_11,tc_12,tc_13,tc_14,tc_15,tc_16,tc_17,tc_18,tc_19,tc_20
194,9044,A,C,G,KAAFDLSFF,True,0.027912,0.00871,0.1030668,0.0,0.0,0.037037,0.0,0.7,0.962963,0.102777,0.1027959,0.1028258,0.1028729,0.1029479,0.1030668,0.1032555,0.1035545,0.104026,0.1047759,0.1059651,0.1078512,0.1108415,0.1155568,0.1230554,0.1349473,0.1538088,0.1837111,0.2308648,0.3058507,0.4247699
194,9044,G,C,G,KAAFDLSFF,True,0.051682,0.015327,0.1030668,0.0,0.6,0.74074,0.0,0.7,0.962963,0.102777,0.1027959,0.1028258,0.1028729,0.1029479,0.1030668,0.1032555,0.1035545,0.104026,0.1047759,0.1059651,0.1078512,0.1108415,0.1155568,0.1230554,0.1349473,0.1538088,0.1837111,0.2308648,0.3058507,0.4247699
195,9064,C,T,T,KAAFDLSFF,True,0.019326,-0.004865,0.1030668,0.0,0.1,0.0,0.0,0.7,0.962963,0.102777,0.1027959,0.1028258,0.1028729,0.1029479,0.1030668,0.1032555,0.1035545,0.104026,0.1047759,0.1059651,0.1078512,0.1108415,0.1155568,0.1230554,0.1349473,0.1538088,0.1837111,0.2308648,0.3058507,0.4247699
196,9065,A,T,T,KAAFDLSFF,True,0.019401,0.009012,0.1030668,0.0,0.0,0.18519,0.0,0.7,0.962963,0.102777,0.1027959,0.1028258,0.1028729,0.1029479,0.1030668,0.1032555,0.1035545,0.104026,0.1047759,0.1059651,0.1078512,0.1108415,0.1155568,0.1230554,0.1349473,0.1538088,0.1837111,0.2308648,0.3058507,0.4247699
