tag, epitope, start, end, protein, name, tc_MPL
700010040-3, AIRKAILGR, 5395, 5421, vif, AR9, 0.03000214
700010040-3, RACRAILHI, 8727, 8753, gp41, RI9, 0.01360375
700010040-3, SSLAFRHVAR, 9355, 9384, nef, SR10, -0.006756778
700010058-3, ERYLRDQQL, 7974, 8000, gp41, EL9, 0.08547981
700010077-3, DLLKTVRLI, 6000, 6026, rev, DI9, 0.01432167
700010077-3, TLSHVVDKL, 7245, 7271, gp120, TL9, 0.01924455
700010077-3, QF-RNKTIVF, 7278, 7307, gp120, QF10, 0.1631974
700010077-3, DRVIEELQR, 8703, 8729, gp41, DR9, 0.06460039
700010077-3, DEPAAVGVG, 8872, 8890, nef, DG9, 0.02895161
700010077-3, KAALDLSHF, 9040, 9066, nef, KF9, 0.1955393
700010470-3, RIKTWKSLVK, 5089, 5118, vif, RK10, 0.08194704
700010470-3, RQGLERALI, 8766, 8792, gp41, RI9, 0.03321335
700010470-3, RLAYQHIAKEK, 9358, 9390, nef, RK11, 0.1489701
700010470-5, DIKDTKEAL, 1066, 1092, p17, DL9, 0.01394515
700010470-5, ELYPMTSLK, 2233, 2259, p6, EK9, 0.00604736
700010470-5, RGRQKVVSL, 3930, 3956, rnase, RL9, 0.03888612
700010607-3, KRREILDLWVY, 9109, 9141, nef, KY11, 0.2589403
703010131-3, EEVGFPVKPQV, 8986, 9018, nef, EV11, 0.159099
703010131-5, VKVIEEKAF, 1255, 1281, p24, VF9, 0.007685973
703010159-3, PTEPVPFQL, 8501, 8527, rev, PL9, 0.1891805
703010159-3, REVLIWKFD, 9328, 9354, nef, RD9, 0.2469354
703010256-3, EDRWNKPQK, 5551, 5577, vif, EK9, 0.0393272
703010256-3, RNRSIRLVN, 8448, 8474, gp41, RN9, 0.06179994
703010256-3, LVQDWGLEL, 8619, 8645, gp41, LL9, 0.01165814
703010256-3, QLAHRHMAR, 9358, 9384, nef, QR9, 0.03894213
703010256-5, PIQLPEKDS, 3276, 3302, rt, PS9, 0.04613127
704010042-3, KQRVHALFY, 6732, 6758, gp120, KY9, 0.01019459
704010042-3, NYTDIIYRL, 8133, 8159, gp41, NL9, 0.03417727
705010162-3, RIRKTAPTA, 8851, 8877, nef, RA9, 0.03398842
705010162-3, EILDLWVYH, 9118, 9144, nef, EH9, 0.0433306
705010162-5, VHKGIKVKD, 1051, 1077, p17, VD9, 0.03152874
705010162-5, GKEGHIAKN, 1975, 2001, p7, GN9, 0.0749622
705010162-5, EEMNLTGKW, 2352, 2378, pro, EW9, 0.04359198
705010185-5, GTEELRSLY, 1000, 1026, p17, GY9, 0.08144577
705010198-3, KAAFDLSFF, 9040, 9066, nef, KF9, 0.1042561
706010164-3, NCYCKMCSY, 5900, 5926, tat, NY9, 0.07550222
706010164-3, SFDPIPIHY, 6849, 6875, gp120, SY9, -0.002135659
706010164-3, EEVGFPVRPQV, 8986, 9018, nef, EV11, 0.08693041
