polymorphic_index,HXB2_index,nucleotide,TF,consensus,epitope,escape,sc_old,sc_MPL,tc_MPL,f_at_0,f_at_21,f_at_77,f_at_179,f_at_438,xp_at_0,xp_at_21,xp_at_77,xp_at_179,xp_at_438
6,1057,G,A,G,VHKGIKVKD,True,0.007223744,0.004458463,0.03152874,0.0,0.0,0.0,0.0,0.95,0.000000,0.000000,0.000000,1.000000,1.000000
7,1067,C,A,A,VHKGIKVKD,True,0.02393353,0.0011062547,0.03152874,0.0,0.0,0.0,0.125,0.0,0.000000,0.000000,0.000000,1.000000,1.000000
8,1069,A,G,G,VHKGIKVKD,True,0.03389665,0.005312816,0.03152874,0.0,0.0,0.0,0.875,1.0,0.000000,0.000000,0.000000,1.000000,1.000000
30,1979,G,A,A,GKEGHIAKN,True,0.010039905,0.004313004,0.0749622,0.0,0.0,0.75,0.0,0.0,0.000000,0.000000,1.000000,1.000000,1.000000
31,1990,C,A,A,GKEGHIAKN,True,0.001386123,0.00033614823,0.0749622,0.0,0.0,0.25,0.0,0.0,0.000000,0.000000,1.000000,1.000000,1.000000
33,1997,G,A,G,GKEGHIAKN,True,0.0591381,0.007726994,0.0749622,0.0,0.0,0.0,1.0,1.0,0.000000,0.000000,1.000000,1.000000,1.000000
38,2352,A,G,G,EEMNLTGKW,True,-0.0003527,-0.0006167891,0.04359198,0.0,0.0,0.0,0.0,0.05,0.000000,0.000000,0.000000,1.000000,1.000000
39,2361,C,A,A,EEMNLTGKW,True,0.005786362,0.0002007863199999,0.04359198,0.0,0.0,0.0,0.125,0.0,0.000000,0.000000,0.000000,1.000000,1.000000
40,2362,G,A,A,EEMNLTGKW,True,0.015355716,-0.0014462211,0.04359198,0.0,0.0,0.0,0.25,0.0,0.000000,0.000000,0.000000,1.000000,1.000000
42,2367,C,A,C,EEMNLTGKW,True,0.011295325,0.005193637,0.04359198,0.0,0.0,0.0,0.0,1.0,0.000000,0.000000,0.000000,1.000000,1.000000
42,2367,G,A,C,EEMNLTGKW,True,0.010961346,0.0011284382,0.04359198,0.0,0.0,0.0,0.25,0.0,0.000000,0.000000,0.000000,1.000000,1.000000
43,2374,G,A,A,EEMNLTGKW,True,0.004559138,-5.6864418e-05,0.04359198,0.0,0.0,0.0,0.5,0.0,0.000000,0.000000,0.000000,1.000000,1.000000
