polymorphic_index,HXB2_index,nucleotide,TF,consensus,epitope,escape,sc_old,sc_MPL,tc_MPL,f_at_0,f_at_25,f_at_67,xp_at_0,xp_at_25,xp_at_67,tc_0,tc_1,tc_2,tc_3,tc_4,tc_5,tc_6,tc_7,tc_8,tc_9,tc_10,tc_11,tc_12,tc_13,tc_14,tc_15,tc_16,tc_17,tc_18,tc_19,tc_20
2,1003,T,A,A,GTEELRSLY,True,0.012455,0.006109,0.08134024,0.0,0.0,0.045455,0.0,0.0625,1.0,0.08122936,0.08123658,0.08124802,0.08126606,0.08129474,0.08134024,0.0814124,0.08152681,0.08170721,0.0819941,0.08244907,0.08317068,0.08431471,0.08611875,0.08898761,0.09353731,0.1007535,0.1121937,0.1302341,0.1589228,0.2044198
3,1006,A,G,G,GTEELRSLY,True,0.016671,0.008162,0.08134024,0.0,0.0,0.090909,0.0,0.0625,1.0,0.08122936,0.08123658,0.08124802,0.08126606,0.08129474,0.08134024,0.0814124,0.08152681,0.08170721,0.0819941,0.08244907,0.08317068,0.08431471,0.08611875,0.08898761,0.09353731,0.1007535,0.1121937,0.1302341,0.1589228,0.2044198
4,1011,C,A,A,GTEELRSLY,True,0.003827,0.001322,0.08134024,0.0,0.0,0.090909,0.0,0.0625,1.0,0.08122936,0.08123658,0.08124802,0.08126606,0.08129474,0.08134024,0.0814124,0.08152681,0.08170721,0.0819941,0.08244907,0.08317068,0.08431471,0.08611875,0.08898761,0.09353731,0.1007535,0.1121937,0.1302341,0.1589228,0.2044198
5,1016,A,G,G,GTEELRSLY,True,0.007597,-0.013513,0.08134024,0.0,0.0625,0.0,0.0,0.0625,1.0,0.08122936,0.08123658,0.08124802,0.08126606,0.08129474,0.08134024,0.0814124,0.08152681,0.08170721,0.0819941,0.08244907,0.08317068,0.08431471,0.08611875,0.08898761,0.09353731,0.1007535,0.1121937,0.1302341,0.1589228,0.2044198
6,1024,C,T,T,GTEELRSLY,True,0.027407,0.014003,0.08134024,0.0,0.0,0.77273,0.0,0.0625,1.0,0.08122936,0.08123658,0.08124802,0.08126606,0.08129474,0.08134024,0.0814124,0.08152681,0.08170721,0.0819941,0.08244907,0.08317068,0.08431471,0.08611875,0.08898761,0.09353731,0.1007535,0.1121937,0.1302341,0.1589228,0.2044198
