polymorphic_index,HXB2_index,nucleotide,TF,consensus,epitope,escape,sc_old,sc_MPL,tc_MPL,f_at_0,f_at_8,f_at_45,f_at_85,xp_at_0,xp_at_8,xp_at_45,xp_at_85,tc_0,tc_1,tc_2,tc_3,tc_4,tc_5,tc_6,tc_7,tc_8,tc_9,tc_10,tc_11,tc_12,tc_13,tc_14,tc_15,tc_16,tc_17,tc_18,tc_19,tc_20
60,7980,C,T,T,ERYLRDQQL,True,0.027222,0.004003,0.08540438,0.0,0.16667,0.33333,0.33333,0.0,0.333333,0.888889,0.888889,0.08522244,0.08523428,0.08525305,0.08528265,0.08532972,0.08540438,0.08552278,0.0857105,0.08600651,0.08647724,0.08722376,0.08840781,0.09028495,0.09324507,0.09795237,0.1054176,0.1172581,0.1360295,0.1656306,0.2127037,0.2873563
61,7986,G,A,A,ERYLRDQQL,True,0.021665,-0.010883,0.08540438,0.0,0.16667,0.22222,0.11111,0.0,0.333333,0.888889,0.888889,0.08522244,0.08523428,0.08525305,0.08528265,0.08532972,0.08540438,0.08552278,0.0857105,0.08600651,0.08647724,0.08722376,0.08840781,0.09028495,0.09324507,0.09795237,0.1054176,0.1172581,0.1360295,0.1656306,0.2127037,0.2873563
62,7987,A,G,A,ERYLRDQQL,True,0.037607,0.023642,0.08540438,0.0,0.0,0.11111,0.33333,0.0,0.333333,0.888889,0.888889,0.08522244,0.08523428,0.08525305,0.08528265,0.08532972,0.08540438,0.08552278,0.0857105,0.08600651,0.08647724,0.08722376,0.08840781,0.09028495,0.09324507,0.09795237,0.1054176,0.1172581,0.1360295,0.1656306,0.2127037,0.2873563
63,7988,C,G,G,ERYLRDQQL,True,0.010219,-0.000215,0.08540438,0.0,0.0,0.22222,0.11111,0.0,0.333333,0.888889,0.888889,0.08522244,0.08523428,0.08525305,0.08528265,0.08532972,0.08540438,0.08552278,0.0857105,0.08600651,0.08647724,0.08722376,0.08840781,0.09028495,0.09324507,0.09795237,0.1054176,0.1172581,0.1360295,0.1656306,0.2127037,0.2873563
