polymorphic_index,HXB2_index,nucleotide,TF,consensus,epitope,escape,sc_old,sc_MPL,tc_MPL,f_at_0,f_at_9,f_at_14,f_at_21,xp_at_0,xp_at_9,xp_at_14,xp_at_21,tc_0,tc_1,tc_2,tc_3,tc_4,tc_5,tc_6,tc_7,tc_8,tc_9,tc_10,tc_11,tc_12,tc_13,tc_14,tc_15,tc_16,tc_17,tc_18,tc_19,tc_20
198,9111,C,A,A,KRREILDLWVY,True,0.008489,0.007948,0.2588864,0.0,0.0,0.0,0.043478,0.310345,0.8,1.0,1.0,0.2584677,0.258495,0.2585382,0.2586063,0.2587146,0.2588864,0.2591589,0.2595908,0.260272,0.2613552,0.263073,0.2657976,0.2701171,0.2769287,0.2877607,0.3049391,0.3321852,0.3753803,0.4434957,0.5518158,0.7235995
199,9116,A,G,A,KRREILDLWVY,True,0.052898,0.020999,0.2588864,0.2069,0.2,0.25,0.43478,0.310345,0.8,1.0,1.0,0.2584677,0.258495,0.2585382,0.2586063,0.2587146,0.2588864,0.2591589,0.2595908,0.260272,0.2613552,0.263073,0.2657976,0.2701171,0.2769287,0.2877607,0.3049391,0.3321852,0.3753803,0.4434957,0.5518158,0.7235995
200,9122,C,T,T,KRREILDLWVY,True,0.009214,0.002775,0.2588864,0.0,0.0,0.125,0.0,0.310345,0.8,1.0,1.0,0.2584677,0.258495,0.2585382,0.2586063,0.2587146,0.2588864,0.2591589,0.2595908,0.260272,0.2613552,0.263073,0.2657976,0.2701171,0.2769287,0.2877607,0.3049391,0.3321852,0.3753803,0.4434957,0.5518158,0.7235995
201,9137,C,T,T,KRREILDLWVY,True,0.004471,0.001432,0.2588864,0.0,0.0,0.0625,0.0,0.310345,0.8,1.0,1.0,0.2584677,0.258495,0.2585382,0.2586063,0.2587146,0.2588864,0.2591589,0.2595908,0.260272,0.2613552,0.263073,0.2657976,0.2701171,0.2769287,0.2877607,0.3049391,0.3321852,0.3753803,0.4434957,0.5518158,0.7235995
202,9139,C,T,T,KRREILDLWVY,True,0.03999,0.018282,0.2588864,0.10345,0.6,0.5625,0.52174,0.310345,0.8,1.0,1.0,0.2584677,0.258495,0.2585382,0.2586063,0.2587146,0.2588864,0.2591589,0.2595908,0.260272,0.2613552,0.263073,0.2657976,0.2701171,0.2769287,0.2877607,0.3049391,0.3321852,0.3753803,0.4434957,0.5518158,0.7235995
