polymorphic_index,HXB2_index,nucleotide,TF,consensus,epitope,escape,sc_old,sc_MPL,tc_MPL,f_at_0,f_at_25,f_at_67,xp_at_0,xp_at_25,xp_at_67
2,1003,T,A,A,GTEELRSLY,True,0.012455191,0.006118809,0.08121704,0.0,0.0,0.045455,0.000000,0.062500,1.000000
3,1006,A,G,G,GTEELRSLY,True,0.016671433,0.008175182,0.08121704,0.0,0.0,0.090909,0.000000,0.062500,1.000000
4,1011,C,A,A,GTEELRSLY,True,0.00382697,0.0013262144,0.08121704,0.0,0.0,0.090909,0.000000,0.062500,1.000000
5,1016,A,G,G,GTEELRSLY,True,0.007597296,-0.013480954,0.08121704,0.0,0.0625,0.0,0.000000,0.062500,1.000000
6,1024,C,T,T,GTEELRSLY,True,0.02740714,0.014023776,0.08121704,0.0,0.0,0.77273,0.000000,0.062500,1.000000
