polymorphic_index,HXB2_index,nucleotide,TF,consensus,epitope,escape,sc_old,sc_MPL,tc_MPL,f_at_0,f_at_14,f_at_28,f_at_70,f_at_183,f_at_434,xp_at_0,xp_at_14,xp_at_28,xp_at_70,xp_at_183,xp_at_434
182,6849,A,T,T,SFDPIPIHY,True,0.003407965,0.003366019,-0.002801193,0.0,0.0,0.0,0.0,0.0,0.75,0.000000,0.027027,0.000000,0.000000,0.000000,0.750000
183,6858,-,C,C,SFDPIPIHY,True,0.0013550876999999,0.0014021657,-0.002801193,0.0,0.027027,0.0,0.0,0.0,0.0,0.000000,0.027027,0.000000,0.000000,0.000000,0.750000
184,6859,-,C,C,SFDPIPIHY,True,0.0013550876999999,0.0014021657,-0.002801193,0.0,0.027027,0.0,0.0,0.0,0.0,0.000000,0.027027,0.000000,0.000000,0.000000,0.750000
185,6860,-,A,A,SFDPIPIHY,True,0.0017843731,0.0018314511,-0.002801193,0.0,0.027027,0.0,0.0,0.0,0.0,0.000000,0.027027,0.000000,0.000000,0.000000,0.750000
186,6861,-,A,A,SFDPIPIHY,True,0.0017843731,0.0018314511,-0.002801193,0.0,0.027027,0.0,0.0,0.0,0.0,0.000000,0.027027,0.000000,0.000000,0.000000,0.750000
187,6862,-,T,T,SFDPIPIHY,True,0.0014201309999999,0.0014672088999999,-0.002801193,0.0,0.027027,0.0,0.0,0.0,0.0,0.000000,0.027027,0.000000,0.000000,0.000000,0.750000
188,6863,-,T,T,SFDPIPIHY,True,0.0014201309999999,0.0014672088999999,-0.002801193,0.0,0.027027,0.0,0.0,0.0,0.0,0.000000,0.027027,0.000000,0.000000,0.000000,0.750000
453,8988,C,A,A,EEVGFPVRPQV,True,-0.0002383899,-2.8052399999999982e-05,0.08771161,0.0,0.0,0.0,0.043478,0.0,0.0,0.000000,0.000000,0.000000,0.956522,1.000000,1.000000
454,8988a,A,G,G,EEVGFPVRPQV,True,0.02559583,0.005638882,0.08771161,0.0,0.0,0.0,0.3913,0.0,0.0,0.000000,0.000000,0.000000,0.956522,1.000000,1.000000
455,8988b,G,A,A,EEVGFPVRPQV,True,0.018760369,0.0019033556,0.08771161,0.0,0.0,0.0,0.13043,0.27273,0.0,0.000000,0.000000,0.000000,0.956522,1.000000,1.000000
456,8988c,C,A,A,EEVGFPVRPQV,True,0.002716611,0.0021302047,0.08771161,0.0,0.0,0.0,0.0,0.0,0.85,0.000000,0.000000,0.000000,0.956522,1.000000,1.000000
457,8990,G,A,A,EEVGFPVRPQV,True,0.02265276,0.0028991039999999,0.08771161,0.0,0.0,0.0,0.3913,0.72727,0.0,0.000000,0.000000,0.000000,0.956522,1.000000,1.000000
458,8991,C,A,A,EEVGFPVRPQV,True,0.0119410759999999,0.002892222,0.08771161,0.0,0.0,0.0,0.043478,0.0,0.15,0.000000,0.000000,0.000000,0.956522,1.000000,1.000000
