polymorphic_index,HXB2_index,nucleotide,TF,consensus,epitope,escape,sc_old,sc_MPL,tc_MPL,f_at_0,f_at_9,f_at_14,f_at_21,xp_at_0,xp_at_9,xp_at_14,xp_at_21
198,9111,C,A,A,KRREILDLWVY,True,0.008489164,0.007948861,0.2584212,0.0,0.0,0.0,0.043478,0.310345,0.800000,1.000000,1.000000
199,9116,A,G,A,KRREILDLWVY,True,0.05289806,0.02105668,0.2584212,0.2069,0.2,0.25,0.43478,0.310345,0.800000,1.000000,1.000000
200,9122,C,T,T,KRREILDLWVY,True,0.009213953,0.002786554,0.2584212,0.0,0.0,0.125,0.0,0.310345,0.800000,1.000000,1.000000
201,9137,C,T,T,KRREILDLWVY,True,0.004471351,0.0014378727,0.2584212,0.0,0.0,0.0625,0.0,0.310345,0.800000,1.000000,1.000000
202,9139,C,T,T,KRREILDLWVY,True,0.03999005,0.018321451,0.2584212,0.10345,0.6,0.5625,0.52174,0.310345,0.800000,1.000000,1.000000
