polymorphic_index,HXB2_index,nucleotide,TF,consensus,epitope,escape,sc_old,sc_MPL,tc_MPL,f_at_0,f_at_21,f_at_77,f_at_179,f_at_438,xp_at_0,xp_at_21,xp_at_77,xp_at_179,xp_at_438
38,2352,A,G,G,EEMNLTGKW,True,-0.0003527,-0.0004505759999999,0.1029745,0.0,0.0,0.0,0.0,0.05,0.000000,0.000000,0.000000,1.000000,1.000000
39,2361,C,A,A,EEMNLTGKW,True,0.005786362,0.0018097498,0.1029745,0.0,0.0,0.0,0.125,0.0,0.000000,0.000000,0.000000,1.000000,1.000000
40,2362,G,A,A,EEMNLTGKW,True,0.015355716,0.003444116,0.1029745,0.0,0.0,0.0,0.25,0.0,0.000000,0.000000,0.000000,1.000000,1.000000
42,2367,C,A,C,EEMNLTGKW,True,0.011295325,0.006816852,0.1029745,0.0,0.0,0.0,0.0,1.0,0.000000,0.000000,0.000000,1.000000,1.000000
42,2367,G,A,C,EEMNLTGKW,True,0.010961346,0.003848854,0.1029745,0.0,0.0,0.0,0.25,0.0,0.000000,0.000000,0.000000,1.000000,1.000000
43,2374,G,A,A,EEMNLTGKW,True,0.004559138,0.0012692023,0.1029745,0.0,0.0,0.0,0.5,0.0,0.000000,0.000000,0.000000,1.000000,1.000000
