polymorphic_index,HXB2_index,nucleotide,TF,consensus,epitope,escape,sc_old,sc_MPL,tc_MPL,f_at_0,f_at_11,f_at_60,xp_at_0,xp_at_11,xp_at_60
194,9044,A,C,G,KAAFDLSFF,True,0.027912366,0.0087703435,0.1027448,0.0,0.0,0.037037,0.000000,0.700000,0.962963
194,9044,G,C,G,KAAFDLSFF,True,0.05168214,0.015440163,0.1027448,0.0,0.6,0.74074,0.000000,0.700000,0.962963
195,9064,C,T,T,KAAFDLSFF,True,0.019326212,-0.004789234,0.1027448,0.0,0.1,0.0,0.000000,0.700000,0.962963
196,9065,A,T,T,KAAFDLSFF,True,0.019400806,0.009044506,0.1027448,0.0,0.0,0.18519,0.000000,0.700000,0.962963
