polymorphic_index,HXB2_index,nucleotide,TF,consensus,epitope,escape,sc_old,sc_MPL,tc_MPL,f_at_0,f_at_8,f_at_45,f_at_85,xp_at_0,xp_at_8,xp_at_45,xp_at_85
60,7980,C,T,T,ERYLRDQQL,True,0.02722199,0.004058354,0.08520222,0.0,0.16667,0.33333,0.33333,0.000000,0.333333,0.888889,0.888889
61,7986,G,A,A,ERYLRDQQL,True,0.02166451,-0.010806301,0.08520222,0.0,0.16667,0.22222,0.11111,0.000000,0.333333,0.888889,0.888889
62,7987,A,G,A,ERYLRDQQL,True,0.03760711,0.02367533,0.08520222,0.0,0.0,0.11111,0.33333,0.000000,0.333333,0.888889,0.888889
63,7988,C,G,G,ERYLRDQQL,True,0.010219055,-0.00019004912,0.08520222,0.0,0.0,0.22222,0.11111,0.000000,0.333333,0.888889,0.888889
